分佈,site_id,區/鄉,大學畢業比例(%),曾經結婚比例(%),年齡中位數,所得中位數(萬元),vote10,vote11,vote12,vote13,vote14,vote15,vote16,vote7,vote8,vote9,投票權人數
南,高雄市阿蓮區,阿蓮區,0.1892,0.653,41,53.7,0.752669176,0.694212945,0.609220466,0.508273326,0.314372212,0.348463016,0.573449854,0.782890365,0.743999331,0.759786328,12040
南,高雄市大寮區,大寮區,0.1899,0.6452,41,55.5,0.756274237,0.707202283,0.644352006,0.502298424,0.317246775,0.318149562,0.58652001,0.794110105,0.75806708,0.773011618,50697
南,高雄市大社區,大社區,0.2114,0.6505,41.6988,57.6,0.735047847,0.661641541,0.605520448,0.523792444,0.340100266,0.357196076,0.575827265,0.750693057,0.733239056,0.750319448,15511
南,高雄市大樹區,大樹區,0.1836,0.6456,43,55,0.769303671,0.70878644,0.625,0.533228702,0.304541915,0.321665189,0.599169036,0.792397661,0.753968254,0.763664189,18468
南,高雄市鳳山二,鳳山二,0.2457,0.6427,39.8213,62,NA,NA,NA,NA,NA,NA,NA,NA,NA,NA,NA
南,高雄市鳳山一,鳳山一,0.287,0.6438,40.8703,62,NA,NA,NA,NA,NA,NA,NA,NA,NA,NA,NA
南,高雄市岡山區,岡山區,0.2472,0.6517,40.063,59.9,0.757416709,0.709036045,0.647553832,0.460962808,0.306327517,0.310707558,0.618442873,0.802480647,0.770861306,0.786009581,46117
南,高雄市鼓山區,鼓山區,0.3296,0.6528,41,68,0.716483484,0.691064299,0.63712031,0.465294831,0.337952342,0.341717697,0.60403909,0.785365312,0.762558826,0.77535459,63042
南,高雄市湖內區,湖內區,0.2056,0.6608,41.7973,55.5,0.758276967,0.694937257,0.624990997,0.52103169,0.315325248,0.319193272,0.585070249,0.783660181,0.742814976,0.738893644,12901
南,高雄市茄萣區,茄萣區,0.17,0.6351,42.9426,49.9,0.758891556,0.707918235,0.632291284,0.529437482,0.310635391,0.345435049,0.559460333,0.756138934,0.726201122,0.743803681,12380
南,高雄市甲仙區,甲仙區,0.0966,0.6867,47,49.4,0.791633466,0.702746365,0.620238095,0.449068569,0.279098361,0.293189369,0.587273531,0.810012837,0.776184268,0.773304158,2337
南,高雄市林園區,林園區,0.1722,0.6426,40,58.7,0.752715536,0.689227047,0.617717153,0.52510747,0.315122519,0.331034034,0.606670734,0.789191377,0.746839389,0.766189248,29643
南,高雄市苓雅區,苓雅區,0.3271,0.6432,44,62.5,0.723890201,0.685654984,0.639485027,0.487590387,0.332695672,0.347270941,0.584508997,0.768969602,0.737720745,0.76106357,81881
南,高雄市六龜區,六龜區,0.0927,0.6791,48,51.1,0.793896155,0.707141428,0.608617234,0.456770628,0.289161554,0.299979326,0.597444089,0.774491294,0.76888412,0.740364252,4767
南,高雄市路竹區,路竹區,0.2323,0.667,40.55,57.6,0.7546672,0.689664929,0.616819782,0.49659727,0.317853755,0.329774812,0.584222937,0.780455666,0.75468374,0.763033379,23526
南,高雄市茂林區,茂林區,0.1057,0.5882,36,60,0.819905213,0.755348837,0.65088208,0.313488372,0.217757009,0.232514178,0.644084934,0.82974359,0.810754912,0.780638517,975
南,高雄市美濃區,美濃區,0.1569,0.7179,50,58.3,0.800371301,0.737917178,0.637539919,0.429678669,0.265836915,0.276827897,0.59674712,0.794548786,0.777719543,0.777375671,17464
南,高雄市彌陀區,彌陀區,0.157,0.6681,42,51.5,0.778924992,0.713824693,0.648032703,0.493734593,0.34452975,0.310041796,0.588307214,0.78147242,0.745308311,0.712171785,8992
南,高雄市那瑪夏區,那瑪夏區,0.1287,0.6455,33.6346,60.5,0.847619048,0.7855003,0.683155917,0.34688157,0.19179004,0.192910702,0.625,0.793998378,0.77310231,0.751639344,1233
南,高雄市楠梓區,楠梓區,0.2878,0.6492,38.9678,65.1,0.733080805,0.693721495,0.637003009,0.464431216,0.326197085,0.331739529,0.603354753,0.791334828,0.763821928,0.778238787,83876
南,高雄市內門區,內門區,0.0943,0.707,48,50.1,0.804517387,0.718386092,0.637452815,0.512211221,0.27860075,0.299469965,0.591494124,0.772257111,0.755792227,0.746313235,5414
南,高雄市鳥松區,鳥松區,0.3158,0.6603,43.6907,68.8,0.728849208,0.683791042,0.626551515,0.512198276,0.346982854,0.349498625,0.575669144,0.772661085,0.740224102,0.75883481,21976
南,高雄市旗津區,旗津區,0.1516,0.6362,42,52.5,0.729109275,0.700474081,0.643409641,0.577163875,0.327505828,0.352680808,0.571029133,0.754846893,0.731439047,0.736460786,11038
南,高雄市旗山區,旗山區,0.1643,0.667,46.5377,54.1,0.773378604,0.697118189,0.613969515,0.515472127,0.311635771,0.343228313,0.601245718,0.79062694,0.754087022,0.759979977,16110
南,高雄市前金區,前金區,0.3525,0.6464,48,63.8,0.722172009,0.681091317,0.631238447,0.506342275,0.335304724,0.346815772,0.578231293,0.759069908,0.737137654,0.741449758,13203
南,高雄市前鎮區,前鎮區,0.2602,0.641,42.3948,61.4,0.735746733,0.690653101,0.638843396,0.49539317,0.325431515,0.340015723,0.593389754,0.778379577,0.74851173,0.763823443,85669
南,高雄市橋頭區,橋頭區,0.2513,0.6595,42,61.2,0.751295597,0.698526037,0.645781034,0.550674316,0.321943973,0.338637094,0.575159059,0.773896353,0.744383897,0.759472542,18235
南,高雄市仁武區,仁武區,0.243,0.6553,39.2143,61.4,0.750388583,0.698087335,0.635516009,0.500639235,0.31855083,0.317477285,0.605658286,0.795762967,0.762859457,0.778181268,39792
南,高雄市三民二,三民二,0.3097,0.6355,40.782,63.6,NA,NA,NA,NA,NA,NA,NA,NA,NA,NA,NA
南,高雄市三民一,三民一,0.2946,0.6424,45.8396,63.6,NA,NA,NA,NA,NA,NA,NA,NA,NA,NA,NA
南,高雄市杉林區,杉林區,0.0889,0.6998,49,50.6,0.804296958,0.716033484,0.618387372,0.4797156,0.258431888,0.331487889,0.591144607,0.770901448,0.753616315,0.730887574,4282
南,高雄市桃源區,桃源區,0.1254,0.6319,36,58.4,0.833890215,0.746993525,0.669440592,0.298312466,0.223037832,0.209809264,0.618357488,0.814476886,0.786764706,0.758261934,1644
南,高雄市田寮區,田寮區,0.0973,0.7386,52.6228,49.9,0.806241873,0.703150912,0.617936925,0.577624136,0.310309278,0.311566516,0.605517736,0.773357664,0.725497421,0.741107444,2740
南,高雄市小港區,小港區,0.2329,0.6499,39.3147,61.9,0.739852326,0.69214737,0.62399179,0.495834372,0.328928364,0.341738481,0.593776803,0.785038078,0.753049986,0.777928061,71301
南,高雄市新興區,新興區,0.3596,0.6459,46,63.7,0.714539335,0.668797954,0.629709928,0.513907482,0.348235657,0.365052371,0.568065548,0.764601484,0.725846441,0.739354009,24792
南,高雄市鹽埕區,鹽埕區,0.2732,0.636,48,56.6,0.712107979,0.667337411,0.641175529,0.551431934,0.381667358,0.387973087,0.567149843,0.751023678,0.717566119,0.738446498,11234
南,高雄市燕巢區,燕巢區,0.1789,0.6613,43,54.6,0.756167447,0.699929428,0.628044906,0.501704111,0.305507497,0.319784774,0.606328349,0.793209414,0.752688987,0.761796389,13342
南,高雄市永安區,永安區,0.1972,0.6811,41.0721,54.9,0.764318088,0.69700333,0.60619469,0.488384805,0.298939929,0.329690605,0.602496329,0.77252907,0.730678466,0.756764706,6880
南,高雄市梓官區,梓官區,0.1905,0.6468,42,53.6,0.771727749,0.724354658,0.654716033,0.520527116,0.312547618,0.310639307,0.589507508,0.786683107,0.74300808,0.756788666,16220
南,高雄市左營區,左營區,0.3086,0.6476,41,70.9,0.726035773,0.696728734,0.655407093,0.427370174,0.317431641,0.32464915,0.618558174,0.802670086,0.774121522,0.784336194,91233
東,花蓮縣豐濱鄉,豐濱鄉,0.0638,0.6721,48.1364,48.7,0.773464373,0.709661599,0.621515892,0.393271462,0.279861512,0.301100174,0.588603632,0.762022195,0.744126984,0.712302839,1622
東,花蓮縣鳳林鎮,鳳林鎮,0.1439,0.6874,49,53.9,0.8,0.722467846,0.620821587,0.361344538,0.254508197,0.272260977,0.613724644,0.813358302,0.801992792,0.798860279,4806
東,花蓮縣富里鄉,富里鄉,0.0906,0.6793,48,49.5,0.796488428,0.694444444,0.562136436,0.390269422,0.24523234,0.277434934,0.603394625,0.798079561,0.771920089,0.750770092,3645
東,花蓮縣光復鄉,光復鄉,0.119,0.6645,48.2247,51.6,0.808928571,0.735105244,0.629129663,0.359132548,0.239063699,0.257860429,0.612687475,0.791117145,0.772637795,0.762364532,5156
東,花蓮縣花蓮市,花蓮市,0.262,0.6446,40.4204,60.3,0.76280591,0.70353548,0.628823449,0.352101471,0.280717097,0.299349638,0.621289832,0.818019024,0.797491631,0.80566166,42999
東,花蓮縣吉安鄉,吉安鄉,0.2252,0.644,42,58.7,0.78076965,0.711593564,0.616670308,0.343931671,0.260518652,0.282285431,0.618816293,0.815507125,0.798375456,0.804562565,35790
東,花蓮縣瑞穗鄉,瑞穗鄉,0.1231,0.6604,47,52,0.815504193,0.731833196,0.619741774,0.362131182,0.225608419,0.247492368,0.613678373,0.798939461,0.773167982,0.773128252,4526
東,花蓮縣壽豐鄉,壽豐鄉,0.1497,0.6749,46,52.4,0.783199135,0.707084302,0.60601285,0.395354584,0.268580661,0.292958096,0.578667703,0.784122214,0.760392757,0.756472081,7986
東,花蓮縣萬榮鄉,萬榮鄉,0.0957,0.6057,36,51.9,0.808988764,0.719727891,0.628852015,0.372578241,0.248787766,0.251695554,0.586699306,0.74969964,0.729850142,0.704270749,2497
東,花蓮縣新城鄉,新城鄉,0.1692,0.6457,40.0094,60.9,0.776735248,0.715225777,0.601140251,0.364432814,0.270715031,0.285368105,0.616926771,0.815530569,0.787621073,0.776138777,8538
東,花蓮縣秀林鄉,秀林鄉,0.0995,0.6103,34.86,52.7,0.785251216,0.699565986,0.599485282,0.395059654,0.266822119,0.281395349,0.627037919,0.799239681,0.773454545,0.744797371,5524
東,花蓮縣玉里鎮,玉里鎮,0.1418,0.6319,46,55.7,0.810001066,0.733746792,0.63649055,0.363933687,0.261623235,0.27345173,0.608501927,0.796610169,0.772851215,0.7657082,8614
東,花蓮縣卓溪鄉,卓溪鄉,0.102,0.6199,36.6351,53.8,0.821196828,0.752543605,0.618656183,0.31217974,0.215402658,0.226130653,0.598179454,0.78577371,0.766217355,0.769329346,2404
北,基隆市安樂區,安樂區,0.2366,0.6408,42,61.9,0.71114106,0.66407734,0.597411832,0.418811153,0.353165783,0.352395672,0.603821619,0.798121929,0.784682713,0.790145401,34397
北,基隆市暖暖區,暖暖區,0.2188,0.638,42,59.8,0.716753927,0.662788668,0.606674893,0.424888156,0.348542832,0.348992091,0.599913522,0.803067485,0.782686383,0.78327509,16300
北,基隆市七堵區,七堵區,0.2115,0.6426,42,57.1,0.725943714,0.671533773,0.613967637,0.450730083,0.337764924,0.346696073,0.589761915,0.785254432,0.765256757,0.763949636,22678
北,基隆市仁愛區,仁愛區,0.2175,0.6586,44,57.4,0.725525494,0.674272859,0.606888108,0.466387223,0.337022629,0.351427157,0.57963903,0.781439289,0.762613777,0.768279779,17995
北,基隆市信義區,信義區,0.2502,0.6346,43.5365,60.1,0.715477451,0.668234596,0.609579409,0.399452804,0.331479326,0.340354671,0.608243728,0.812444837,0.805652759,0.798270126,22660
北,基隆市中山區,中山區,0.1911,0.6335,44.0334,57.5,0.724762357,0.669043116,0.603121516,0.445715962,0.335021097,0.341481445,0.589185033,0.780774691,0.76635514,0.772198812,19724
北,基隆市中正區,中正區,0.2026,0.6409,44.3246,56.9,0.743262753,0.676747116,0.59882393,0.430971052,0.322752111,0.346310256,0.586846977,0.788982495,0.78164978,0.774434562,19823
南,嘉義市東區,東區,0.2997,0.6366,41,64,0.7165728,0.67214303,0.622851176,0.479990312,0.338067587,0.35463498,0.582243251,0.778665926,0.743329936,0.754077916,50417
南,嘉義市西區,西區,0.2482,0.6392,39.8896,60.2,0.73229312,0.679249356,0.624169884,0.502835655,0.317298548,0.332398339,0.58531034,0.782798348,0.746974141,0.778218152,60064
南,嘉義縣阿里山鄉,阿里山鄉,0.1094,0.6877,41.2561,56.7,0.82647334,0.717473884,0.604640152,0.320691311,0.210500963,0.210784314,0.584275437,0.813442211,0.806603774,0.793814433,1592
南,嘉義縣布袋鎮,布袋鎮,0.1424,0.7004,46.3266,55.7,0.785264886,0.714207551,0.632279231,0.503573343,0.272615326,0.291870152,0.616439718,0.792935807,0.747848101,0.763861386,10079
南,嘉義縣大埔鄉,大埔鄉,0.1327,0.7063,43,53.3,0.759827421,0.703864734,0.608943863,0.464030491,0.296224589,0.312161497,0.596212897,0.798664612,0.768595041,0.771399282,1947
南,嘉義縣大林鎮,大林鎮,0.1899,0.6781,45.7189,58,0.772319426,0.691373026,0.604054458,0.503274297,0.302632595,0.327806023,0.574806327,0.790628516,0.75030882,0.765656403,12442
南,嘉義縣東石鄉,東石鄉,0.1056,0.7195,46.1766,51.5,0.808857809,0.72471778,0.646319782,0.531914894,0.256533266,0.276312452,0.601694915,0.784434414,0.742719117,0.744195804,7311
南,嘉義縣番路鄉,番路鄉,0.145,0.7034,46.6806,53.9,0.79483847,0.72058544,0.616281256,0.456468826,0.257991299,0.275412351,0.569458325,0.808582163,0.779158317,0.778371955,5057
南,嘉義縣六腳鄉,六腳鄉,0.1309,0.7085,50,54.8,0.795641932,0.709821429,0.621515368,0.559772969,0.297085909,0.327133758,0.588853982,0.794611897,0.746453901,0.758458013,7498
南,嘉義縣鹿草鄉,鹿草鄉,0.1383,0.7153,50,54.2,0.760791367,0.68714044,0.611394698,0.558024297,0.316414315,0.348829081,0.590075512,0.782802208,0.752340738,0.752928456,5617
南,嘉義縣梅山鄉,梅山鄉,0.1533,0.7027,47,56.1,0.776126126,0.696767631,0.628059096,0.497821601,0.289782048,0.307294118,0.582252142,0.786814762,0.753419638,0.767168163,8373
南,嘉義縣民雄鄉,民雄鄉,0.2044,0.6513,41.5077,57.7,0.758492248,0.689161752,0.616626183,0.515431107,0.316416927,0.335262615,0.576461224,0.773610407,0.738513235,0.755651347,29595
南,嘉義縣朴子市,朴子市,0.2045,0.6636,42,61.3,0.765413791,0.693770415,0.619195046,0.514450867,0.298170332,0.323843629,0.583416026,0.786833662,0.757952537,0.76930181,16208
南,嘉義縣水上鄉,水上鄉,0.1706,0.6579,44,55,0.776855076,0.688681794,0.617347168,0.507803013,0.303577259,0.314806998,0.591829779,0.774506043,0.738235864,0.750157454,20852
南,嘉義縣太保市,太保市,0.1898,0.6622,39.7135,62.9,0.756040434,0.6871671,0.608993996,0.497443164,0.310506086,0.334380208,0.589760817,0.78539026,0.740775781,0.760537038,14990
南,嘉義縣溪口鄉,溪口鄉,0.1366,0.6932,47.9677,53.4,0.773602484,0.725344309,0.633586603,0.574343122,0.326451829,0.343400068,0.569531796,0.773217391,0.739247312,0.743375174,5750
南,嘉義縣新港鄉,新港鄉,0.1594,0.6817,44.6019,58.5,0.771955982,0.690770695,0.617242125,0.57562522,0.315309201,0.33495784,0.581902404,0.772076652,0.736121125,0.75479077,12785
南,嘉義縣義竹鄉,義竹鄉,0.1415,0.7216,50,54.7,0.769626285,0.702007205,0.629502355,0.541549036,0.297225541,0.328653563,0.606826976,0.792211329,0.751487478,0.761755486,7344
南,嘉義縣中埔鄉,中埔鄉,0.1639,0.6687,43,54.2,0.769740909,0.69358589,0.608074674,0.507346635,0.295560403,0.315920546,0.579731652,0.780572685,0.747250031,0.762536058,16379
南,嘉義縣竹崎鄉,竹崎鄉,0.1454,0.6882,45.2546,53.9,0.785297325,0.711537232,0.621058051,0.500775595,0.279757947,0.297349883,0.569577465,0.785774707,0.754903344,0.763275434,14186
福建金馬,金門縣金城鎮,金城鎮,0.3139,0.6829,42.848,71.8,0.79408284,0.742709984,0.647324256,0.228589571,0.255522009,0.257467429,0.669686643,0.854649773,0.835702746,0.841280156,12549
福建金馬,金門縣金湖鎮,金湖鎮,0.2877,0.6851,41.1175,72,0.796686913,0.741036741,0.652822626,0.233668904,0.23439054,0.249833444,0.67148351,0.851884998,0.83713868,0.826740689,8939
福建金馬,金門縣金寧鄉,金寧鄉,0.271,0.6197,39,71,0.722489508,0.665983607,0.59832938,0.258590445,0.310327146,0.325361798,0.651785714,0.843963554,0.810856301,0.821155257,9658
福建金馬,金門縣金沙鎮,金沙鎮,0.2582,0.6966,45,68.6,0.833386581,0.78033103,0.684531451,0.214618474,0.190865385,0.202088353,0.669737062,0.858378202,0.841453344,0.849260429,6129
福建金馬,金門縣烈嶼鄉,烈嶼鄉,0.2467,0.7054,45,67.9,0.815399803,0.760427011,0.677072927,0.195302843,0.202410231,0.213461066,0.705556952,0.875123396,0.859879032,0.855955679,4052
福建金馬,金門縣烏坵鄉,烏坵鄉,0.2369,0.6802,41,75.4,0.847133758,0.786163522,0.710691824,0.272151899,0.229813665,0.233128834,0.605095541,0.896103896,0.870967742,0.876623377,154
福建金馬,連江縣北竿鄉,北竿鄉,0.277,0.6811,42.7333,70.3,0.780487805,0.748134328,0.672641509,0.201310861,0.229553903,0.246982358,0.677852349,0.866350711,0.864114833,0.845714286,1055
福建金馬,連江縣東引鄉,東引鄉,0.234,0.6456,37.3333,86.4,0.75261324,0.701754386,0.590909091,0.220614828,0.487410072,0.293594306,0.63898917,0.907801418,0.861209964,0.88277087,564
福建金馬,連江縣莒光鄉,莒光鄉,0.2587,0.692,45.2857,75.2,0.764857881,0.707412224,0.617724868,0.237221494,0.244385733,0.263157895,0.691460055,0.871447903,0.83106267,0.846994536,739
福建金馬,連江縣南竿鄉,南竿鄉,0.2932,0.6589,39.9167,79.5,0.78243073,0.749764225,0.663077897,0.206788184,0.247882021,0.266060796,0.709085052,0.883121019,0.864347271,0.873965627,3140
中,苗栗縣大湖鄉,大湖鄉,0.1546,0.6946,46,55.2,0.781605612,0.704078407,0.60825235,0.357769424,0.268554063,0.30480167,0.601383627,0.818515563,0.781897668,0.782679209,6265
中,苗栗縣公館鄉,公館鄉,0.2101,0.6679,41.9947,59.6,0.767978804,0.692956666,0.588886047,0.373835948,0.27239982,0.295346446,0.609640957,0.806717323,0.78074692,0.784093126,15661
中,苗栗縣後龍鎮,後龍鎮,0.1713,0.6723,42.2734,55.4,0.768791863,0.679945141,0.587531328,0.454946832,0.292713806,0.316963437,0.577587907,0.789818743,0.748088635,0.761889208,15558
中,苗栗縣苗栗市,苗栗市,0.267,0.6595,41,63.6,0.76370201,0.713232431,0.629613389,0.331748381,0.280819576,0.31449403,0.62904556,0.827096175,0.801399955,0.816448506,40884
中,苗栗縣南庄鄉,南庄鄉,0.1196,0.692,46,51.8,0.788152121,0.690846287,0.583497537,0.372466634,0.269040554,0.292209388,0.586259933,0.776582437,0.774119449,0.759155646,3997
中,苗栗縣三灣鄉,三灣鄉,0.1648,0.7085,47,53.9,0.790006325,0.70496499,0.60131951,0.361487551,0.254372019,0.275096525,0.590909091,0.791011236,0.765322845,0.757119476,3115
中,苗栗縣三義鄉,三義鄉,0.1958,0.6713,42.1593,56.9,0.784650924,0.717849296,0.617547952,0.339214934,0.253765933,0.279519938,0.580943571,0.827246827,0.799242919,0.808928804,7722
中,苗栗縣獅潭鄉,獅潭鄉,0.1064,0.7297,52,54.1,0.820230608,0.742584746,0.624866024,0.352480418,0.234787291,0.264643237,0.627247956,0.827292111,0.796030871,0.79495614,1876
中,苗栗縣泰安鄉,泰安鄉,0.0838,0.7135,42,57.9,0.814504046,0.721804511,0.619323377,0.333127318,0.222392169,0.237832874,0.569797782,0.803446075,0.778991327,0.776768332,3134
中,苗栗縣通霄鎮,通霄鎮,0.1675,0.6754,44,53.4,0.775698522,0.698559604,0.615479917,0.455242629,0.29279707,0.309216778,0.583745583,0.775143875,0.727399359,0.750575113,14596
中,苗栗縣銅鑼鄉,銅鑼鄉,0.1883,0.6789,44,57.5,0.771771037,0.708703156,0.591617211,0.356062454,0.268005879,0.287994108,0.611285266,0.820444011,0.800298063,0.792508992,8198
中,苗栗縣頭份市,頭份市,0.2543,0.671,38,62.2,0.76052465,0.705349704,0.630749217,0.360385387,0.284244829,0.296836283,0.598171319,0.809673156,0.79087289,0.797620394,44639
中,苗栗縣頭屋鄉,頭屋鄉,0.1828,0.6907,44.86,58.3,0.780358668,0.737132988,0.618635262,0.391028933,0.274727178,0.292661821,0.613595707,0.82485289,0.796101159,0.749036102,5778
中,苗栗縣西湖鄉,西湖鄉,0.1519,0.7132,49,58.3,0.787259259,0.704271961,0.596316425,0.363827235,0.280569007,0.301374046,0.591421415,0.815324753,0.796427472,0.785343511,3341
中,苗栗縣苑裡鎮,苑裡鎮,0.1747,0.6652,41,52.5,0.778211031,0.696584628,0.607718264,0.476109537,0.276960077,0.300341461,0.580426939,0.782336545,0.741594239,0.769370877,20449
中,苗栗縣造橋鄉,造橋鄉,0.1914,0.6824,43,55.9,0.780713342,0.702293883,0.605188285,0.382718121,0.272650439,0.286486486,0.589382071,0.804067797,0.780127213,0.783407764,5900
中,苗栗縣竹南鎮,竹南鎮,0.2757,0.6678,37.7051,63.5,0.747873829,0.694032677,0.618712656,0.4116881,0.3074367,0.320079904,0.593644354,0.806831046,0.78218983,0.789657854,36217
中,苗栗縣卓蘭鎮,卓蘭鎮,0.1695,0.6887,44.9157,54,0.769676485,0.691571586,0.614291012,0.434287071,0.276724138,0.289620191,0.613881748,0.80994627,0.772364925,0.772698332,8003
中,南投縣埔里鎮,埔里鎮,0.1802,0.6484,42.9468,51.4,0.780999921,0.702815461,0.609898301,0.383301409,0.263821507,0.29187858,0.616468946,0.834447343,0.806207294,0.802767594,36804
中,南投縣草屯鎮,草屯鎮,0.2276,0.653,41,56.6,0.757246688,0.690995611,0.602102297,0.421657449,0.285850985,0.313624679,0.616568207,0.819903009,0.793707936,0.797101773,45159
中,南投縣國姓鄉,國姓鄉,0.1183,0.6911,47.4924,47.8,0.801651023,0.718735737,0.603986634,0.397435897,0.259128654,0.258373206,0.61315602,0.827845176,0.780594199,0.785437007,8655
中,南投縣集集鎮,集集鎮,0.1605,0.6932,46.3654,57.6,0.766482994,0.685135652,0.574668461,0.416666667,0.282633808,0.300153728,0.622432541,0.79561901,0.796741506,0.783503096,5113
中,南投縣鹿谷鄉,鹿谷鄉,0.161,0.715,48,54.7,0.798027127,0.709460302,0.581761399,0.416524909,0.318740592,0.282592501,0.62530985,0.825510977,0.797295557,0.791720237,7926
中,南投縣名間鄉,名間鄉,0.1629,0.6763,44,52.3,0.770082662,0.703082575,0.613475366,0.463282148,0.269683885,0.291139241,0.617248277,0.815251186,0.788295278,0.782632743,18333
中,南投縣南投市,南投市,0.2528,0.649,41,58,0.763864589,0.703806738,0.627297071,0.412777563,0.279475534,0.297428214,0.624630646,0.822345421,0.798161648,0.802117315,48341
中,南投縣仁愛鄉,仁愛鄉,0.0946,0.69,37,56,0.826616411,0.750215085,0.636086072,0.353478774,0.269400353,0.250554324,0.633147724,0.823538935,0.810505646,0.770874103,6177
中,南投縣水里鄉,水里鄉,0.1431,0.6778,47,51.4,0.780749969,0.708158738,0.601577909,0.411507647,0.272850791,0.286806412,0.619090558,0.820748771,0.779676144,0.783945891,7933
中,南投縣信義鄉,信義鄉,0.1121,0.6519,37,55.4,0.850006168,0.782036828,0.707582583,0.402509516,0.229439497,0.192388728,0.635224068,0.806456572,0.789612813,0.747392996,6505
中,南投縣魚池鄉,魚池鄉,0.1343,0.6876,46.463,49.9,0.785063752,0.701278629,0.570070922,0.424678379,0.311139205,0.3004954,0.613942589,0.818168874,0.784535187,0.784291077,7023
中,南投縣中寮鄉,中寮鄉,0.1197,0.7091,48.5848,49.3,0.80167364,0.713437058,0.59121003,0.447634901,0.264222503,0.274667798,0.604105139,0.817582102,0.77380257,0.785870039,6973
中,南投縣竹山鎮,竹山鎮,0.17,0.6801,43.0767,53.1,0.78131721,0.712650234,0.589471536,0.436906812,0.268415659,0.310667216,0.620807228,0.781987343,0.775433084,0.79108021,23861
南,澎湖縣白沙鄉,白沙鄉,0.1569,0.6915,43.8274,63.7,0.797953964,0.722815114,0.661070912,0.433153562,0.262986049,0.283363256,0.629280553,0.786534285,0.763676149,0.770446097,3223
南,澎湖縣湖西鄉,湖西鄉,0.1718,0.6621,43,64.4,0.78524865,0.725852005,0.63108261,0.447638228,0.280800622,0.288089184,0.640582726,0.809660254,0.787037037,0.79766537,4886
南,澎湖縣馬公市,馬公市,0.246,0.6237,39,70.1,0.75672043,0.702835072,0.634081004,0.393385553,0.292273964,0.307930053,0.633062284,0.808127915,0.783314266,0.800918197,24016
南,澎湖縣七美鄉,七美鄉,0.1682,0.6877,42,61.5,0.737322515,0.664602683,0.582718651,0.455683003,0.336518047,0.346808511,0.611428571,0.798206278,0.759681093,0.754285714,892
南,澎湖縣望安鄉,望安鄉,0.1587,0.6912,46,65.6,0.783606557,0.703601108,0.656441718,0.472911964,0.293246445,0.291093843,0.622529644,0.806161746,0.781639344,0.750982962,1558
南,澎湖縣西嶼鄉,西嶼鄉,0.1365,0.7038,45.1102,59.6,0.781833616,0.704960836,0.624295011,0.49466776,0.291593695,0.299737073,0.622418879,0.800487805,0.778258778,0.747460087,2050
南,屏東縣潮州鎮,潮州鎮,0.2081,0.6446,42,58.6,0.764662406,0.702262871,0.625720926,0.50031938,0.298344487,0.317650174,0.587474472,0.791188619,0.762965349,0.760855654,21790
南,屏東縣車城鄉,車城鄉,0.104,0.6773,47,53.2,0.748838752,0.641363023,0.572295248,0.554093098,0.335994446,0.356145251,0.568413392,0.788860575,0.744571218,0.732844037,2747
南,屏東縣春日鄉,春日鄉,0.0735,0.651,36.8636,55.5,0.759598346,0.673951565,0.644117647,0.37213254,0.325056433,0.334092635,0.571727749,0.781059063,0.760288066,0.733673469,982
南,屏東縣東港鎮,東港鎮,0.1727,0.6486,40,55.2,0.766160173,0.692011744,0.598971591,0.534375467,0.29752023,0.316718913,0.572365903,0.78626243,0.747727398,0.749416554,18504
南,屏東縣枋寮鄉,枋寮鄉,0.1369,0.678,45,54.8,0.783654298,0.697286603,0.613815353,0.512771217,0.287971558,0.320593841,0.589798851,0.779562786,0.748434774,0.74088409,9835
南,屏東縣枋山鄉,枋山鄉,0.0893,0.6871,45,51.8,0.774534687,0.686174724,0.615811966,0.543310289,0.303111111,0.311453744,0.596189591,0.777266452,0.753028891,0.732126277,2173
南,屏東縣高樹鄉,高樹鄉,0.1118,0.7027,48.9268,51.4,0.753604194,0.667439282,0.592668232,0.575643322,0.320234114,0.340180256,0.581645983,0.756028058,0.720622568,0.729461131,9124
南,屏東縣恆春鎮,恆春鎮,0.1403,0.668,40.9979,52.5,0.752668416,0.669750639,0.566199171,0.486291362,0.320386628,0.3258996,0.569937752,0.812568406,0.770189202,0.75536402,10964
南,屏東縣佳冬鄉,佳冬鄉,0.1378,0.6795,46.1159,54.6,0.772364925,0.676958408,0.622860792,0.569868728,0.324186856,0.338800753,0.582580914,0.776143791,0.741458653,0.771291866,7344
南,屏東縣九如鄉,九如鄉,0.1676,0.6586,42,55.2,0.761445288,0.687105127,0.609861683,0.581929402,0.308336914,0.315609286,0.566285143,0.782474681,0.735897436,0.750829463,9084
南,屏東縣崁頂鄉,崁頂鄉,0.1641,0.6539,39.1694,54.4,0.745020576,0.677924217,0.610740494,0.546623794,0.324582339,0.342575268,0.588431201,0.785053257,0.751199573,0.748070175,5727
南,屏東縣來義鄉,來義鄉,0.0902,0.6597,39.8889,54,0.804789752,0.740782123,0.681767023,0.265703332,0.226436782,0.237503612,0.67193926,0.827360548,0.800497203,0.791627321,3209
南,屏東縣里港鄉,里港鄉,0.1794,0.6763,41,56.9,0.745959241,0.671963778,0.595985498,0.55321156,0.33382151,0.333517801,0.560796151,0.770296844,0.733428571,0.735783438,10679
南,屏東縣林邊鄉,林邊鄉,0.1524,0.6814,45,55.5,0.783382425,0.704562178,0.631159598,0.572655691,0.29827455,0.350990854,0.575286524,0.774087687,0.744270205,0.737251285,7618
南,屏東縣麟洛鄉,麟洛鄉,0.2264,0.6674,46.3476,61,0.739184618,0.657352678,0.639134355,0.534799169,0.316526611,0.374120696,0.567259374,0.791036088,0.748585918,0.765254567,5154
南,屏東縣琉球鄉,琉球鄉,0.1247,0.6973,42,54.2,0.813879408,0.729950159,0.635767579,0.454072398,0.241199182,0.235094851,0.622393247,0.819940476,0.781736606,0.771541502,4032
南,屏東縣瑪家鄉,瑪家鄉,0.1019,0.6425,38.7727,58.3,0.791746379,0.73964497,0.67219917,0.338377724,0.255862274,0.259970458,0.622879947,0.784660767,0.775024777,0.743758213,3051
南,屏東縣滿州鄉,滿州鄉,0.0951,0.6733,46.0776,52.4,0.76478586,0.662646451,0.56900068,0.498356345,0.309166957,0.33668516,0.580331412,0.799060354,0.762024408,0.765765766,2767
南,屏東縣牡丹鄉,牡丹鄉,0.1127,0.6708,41,59,0.745924677,0.684567552,0.583426652,0.363848397,0.305861869,0.333919156,0.589285714,0.828009828,0.806053119,0.771745836,1628
南,屏東縣南州鄉,南州鄉,0.1557,0.6776,46.05,56.8,0.75736209,0.673699915,0.589270568,0.560625,0.349122807,0.356466182,0.572245085,0.782677165,0.749143249,0.750970985,4445
南,屏東縣內埔鄉,內埔鄉,0.1864,0.6563,44.5186,56.2,0.762206808,0.698105437,0.609780714,0.518945189,0.305777651,0.32226609,0.575886095,0.787800259,0.755607429,0.761605898,20066
南,屏東縣屏東市,屏東市,0.2684,0.6363,42,61.3,0.741127945,0.686455847,0.618291221,0.464878498,0.312534196,0.341911893,0.597757584,0.794386909,0.768134621,0.778468859,83234
南,屏東縣三地門鄉,三地門鄉,0.0968,0.6484,38.5952,57.5,0.777952756,0.713153724,0.664118112,0.358712473,0.275801235,0.292632204,0.597139867,0.791106515,0.774193548,0.731487889,2901
南,屏東縣獅子鄉,獅子鄉,0.0747,0.6803,40,61.2,0.825849278,0.759106933,0.708040593,0.281960586,0.235267245,0.240825688,0.603053435,0.830778302,0.814858491,0.785755984,1696
南,屏東縣泰武鄉,泰武鄉,0.0814,0.6635,37,58.4,0.792555114,0.715532921,0.639927405,0.325019794,0.244668476,0.267406274,0.599235019,0.786307054,0.755377478,0.743492863,2410
南,屏東縣萬丹鄉,萬丹鄉,0.1786,0.6575,41.0014,57,0.766118155,0.690444878,0.618336303,0.526375574,0.306933947,0.339949085,0.570796895,0.773446245,0.737482082,0.749156355,20547
南,屏東縣萬巒鄉,萬巒鄉,0.1528,0.6726,45,55.1,0.777245782,0.706575186,0.582281386,0.566479821,0.313452698,0.341798299,0.575671853,0.759650677,0.730197385,0.74260693,7901
南,屏東縣霧臺鄉,霧臺鄉,0.1203,0.6586,42.2391,57.6,0.784986098,0.748161765,0.720898258,0.300946372,0.242815249,0.254556143,0.567977916,0.792699725,0.764868603,0.738683128,1452
南,屏東縣新埤鄉,新埤鄉,0.1089,0.692,47.3831,53.3,0.788370998,0.683460076,0.606541835,0.537597432,0.289118922,0.316314126,0.574305379,0.773033708,0.744186047,0.734170854,4005
南,屏東縣新園鄉,新園鄉,0.1492,0.6596,42,54.5,0.762748859,0.682342032,0.610858822,0.568343912,0.300040905,0.328191416,0.586432631,0.775385054,0.741658241,0.739452844,14024
南,屏東縣鹽埔鄉,鹽埔鄉,0.1455,0.6629,42.5909,53.4,0.76811331,0.676097207,0.598495403,0.504713561,0.303168262,0.32014187,0.59578242,0.7875343,0.750446694,0.748295344,10204
南,屏東縣長治鄉,長治鄉,0.2042,0.6566,44,59.8,0.753754854,0.687132785,0.610300111,0.496278281,0.331121333,0.343240579,0.58943701,0.77803793,0.748235107,0.744998038,12813
南,屏東縣竹田鄉,竹田鄉,0.1713,0.6755,47,57.6,0.771179251,0.675532555,0.613964294,0.541148609,0.309460317,0.394362684,0.573667309,0.77321022,0.738463505,0.745586181,7906
北,臺北市北投區,北投區,0.3664,0.6646,41.2402,69.9,0.659783551,0.629814372,0.591040925,0.457157565,0.383416153,0.388966799,0.579823446,0.769497229,0.747546001,0.764963543,111144
北,臺北市大安區,大安區,0.5283,0.6782,43.4713,86.1,0.645903888,0.626823086,0.595121327,0.409881164,0.379592882,0.388738973,0.593208034,0.764234349,0.74894482,0.76795552,136975
北,臺北市大同區,大同區,0.3297,0.6558,42,65,0.654446696,0.614258924,0.5733143,0.521999638,0.399353507,0.408518286,0.552652457,0.742098278,0.713308293,0.736901871,57266
北,臺北市南港區,南港區,0.3563,0.6679,40.72,68.9,0.660432799,0.622071366,0.581142577,0.43991461,0.383895164,0.392616446,0.580577046,0.782548075,0.760334798,0.773314749,55226
北,臺北市內湖區,內湖區,0.4137,0.6606,39.9311,77.3,0.643782634,0.620385975,0.593992719,0.423428974,0.39085662,0.395603899,0.592730568,0.779196068,0.763636931,0.778508519,129812
北,臺北市士林區,士林區,0.3734,0.6621,42,69.9,0.658983531,0.622891847,0.589656941,0.475924587,0.386348383,0.395540775,0.568414736,0.753284397,0.734247183,0.748354066,127649
北,臺北市松山區,松山區,0.4795,0.6747,43,81.4,0.650645654,0.629779922,0.598159541,0.419882296,0.382047972,0.388007532,0.592115849,0.769273303,0.754582998,0.770761301,94042
北,臺北市萬華區,萬華區,0.2926,0.6589,43.5458,61.5,0.677350792,0.634299345,0.583994034,0.474656518,0.371880798,0.385667707,0.575818537,0.766761939,0.74597153,0.761358219,83970
北,臺北市文山區,文山區,0.4236,0.6654,41.4738,76.3,0.662445551,0.640716098,0.604704836,0.385833656,0.366319058,0.37715413,0.612169103,0.79375814,0.778059587,0.788421648,127462
北,臺北市信義區,信義區,0.4174,0.6663,43,72.9,0.663735854,0.631863803,0.591964361,0.423211112,0.372876082,0.379940361,0.595029953,0.775204294,0.761402481,0.778835609,103405
北,臺北市中山區,中山區,0.4182,0.6584,43.1065,73,0.644961787,0.618974273,0.580052469,0.465802018,0.391851949,0.399433375,0.568900752,0.758435472,0.736225989,0.754397275,103699
北,臺北市中正區,中正區,0.4746,0.6763,41.6247,81.6,0.657525019,0.63059181,0.593723166,0.426060348,0.371804297,0.383698973,0.592769606,0.767786169,0.749418714,0.76864402,70448
東,臺東縣卑南鄉,卑南鄉,0.1155,0.648,44,54,0.77767253,0.70695522,0.62100955,0.418808092,0.273184358,0.298980747,0.590499709,0.787978769,0.763142608,0.758252847,6971
東,臺東縣成功鎮,成功鎮,0.0972,0.6723,46.0302,52.3,0.81376799,0.745442036,0.615648005,0.349955317,0.216260458,0.228458795,0.617618957,0.789853696,0.770709206,0.77117186,5263
東,臺東縣池上鄉,池上鄉,0.1133,0.6772,46.75,52.6,0.779173554,0.684669574,0.568378919,0.412571793,0.272212978,0.301111485,0.593391304,0.800884956,0.76648161,0.751983443,2938
東,臺東縣達仁鄉,達仁鄉,0.0914,0.6515,42,58.8,0.804226919,0.737896494,0.680767061,0.311246201,0.221364985,0.232501522,0.48298009,0.786303107,0.827033953,0.754274858,1577
東,臺東縣大武鄉,大武鄉,0.1005,0.6669,43,54.1,0.799382716,0.724671307,0.736170213,0.388205346,0.266066838,0.275802255,0.574126534,0.773681755,0.744218971,0.734492481,2143
東,臺東縣東河鄉,東河鄉,0.0902,0.6763,49,50.4,0.792285805,0.730153649,0.62855338,0.397768297,0.263457038,0.284686536,0.580541696,0.771633752,0.758909091,0.733789625,2785
東,臺東縣關山鎮,關山鎮,0.1461,0.6533,45,55,0.771057094,0.703191189,0.603192702,0.374824783,0.2625,0.297063903,0.615609471,0.816942269,0.791555159,0.780316344,3447
東,臺東縣海端鄉,海端鄉,0.0998,0.6083,35,58.9,0.813898704,0.715969358,0.595719382,0.325451151,0.215073529,0.233270794,0.555194805,0.750325945,0.742763158,0.72214941,1534
東,臺東縣金峰鄉,金峰鄉,0.1025,0.6322,37.9286,59.9,0.793659044,0.743348983,0.67207113,0.295994994,0.271257485,0.278527607,0.60070922,0.774147727,0.757142857,0.718550107,1408
東,臺東縣蘭嶼鄉,蘭嶼鄉,0.1501,0.595,36,60.6,0.753094059,0.624765478,0.535423197,0.428856383,0.27615894,0.30458221,0.436940041,0.726495726,0.711925287,0.686925795,1404
東,臺東縣鹿野鄉,鹿野鄉,0.1128,0.6759,46.3125,54.1,0.753094911,0.679394565,0.581211287,0.444181326,0.297111417,0.313177211,0.590645395,0.758249641,0.734477721,0.742346939,2788
東,臺東縣綠島鄉,綠島鄉,0.2087,0.6391,39,69.8,0.712710765,0.681847755,0.617647059,0.340983607,0.316239316,0.310092961,0.619931271,0.810829335,0.792674499,0.78228022,1459
東,臺東縣臺東市,臺東市,0.2079,0.6337,41,60.2,0.773720417,0.716635124,0.630070143,0.371749978,0.266853128,0.289528224,0.61520821,0.808870931,0.790110745,0.784930288,44054
東,臺東縣太麻里鄉,太麻里鄉,0.0971,0.6731,44.2705,55,0.815810277,0.751784298,0.667854315,0.414917883,0.251660179,0.267054715,0.594056913,0.777005215,0.755292339,0.749066468,4027
東,臺東縣延平鄉,延平鄉,0.1142,0.6271,37.5,55.7,0.812002449,0.717948718,0.659627329,0.321056289,0.236718225,0.230557467,0.551724138,0.764215315,0.742944317,0.738867925,1319
東,臺東縣長濱鄉,長濱鄉,0.0764,0.6741,50.0984,48.7,0.797572435,0.730394069,0.635473767,0.388679245,0.238641189,0.256709957,0.60170697,0.77268561,0.756782485,0.735664336,2182
南,臺南市安定區,安定區,0.2081,0.6684,41,56.3,0.750908956,0.69922366,0.632847741,0.556600226,0.312611012,0.340798366,0.569754192,0.775488939,0.737834105,0.762848397,12476
南,臺南市安南區,安南區,0.2441,0.6413,38.0657,56.9,0.726606184,0.674026605,0.621555976,0.538161248,0.334799123,0.347316604,0.572454099,0.775211834,0.734811958,0.758320106,75649
南,臺南市安平區,安平區,0.3039,0.6336,40,64.6,0.697248042,0.658549862,0.620714754,0.502212147,0.348343685,0.359892536,0.573751994,0.771430777,0.742713529,0.758901362,25909
南,臺南市白河區,白河區,0.1546,0.6952,48.4937,53.3,0.760755509,0.686326034,0.611762426,0.585259038,0.322947326,0.351430593,0.579085539,0.764314105,0.732361963,0.746551171,9309
南,臺南市北門區,北門區,0.1439,0.7056,47,52.2,0.794997548,0.71692001,0.643335815,0.560993426,0.322387282,0.298480084,0.594987183,0.796291013,0.759151656,0.758905671,3505
南,臺南市北區,北區,0.3237,0.6417,41.1751,64.4,0.709635639,0.670750831,0.630063378,0.506264757,0.349553493,0.360555129,0.572649415,0.764445582,0.738427858,0.76082067,54688
南,臺南市大內區,大內區,0.132,0.7156,49.2286,51.7,0.795821935,0.717662008,0.630451415,0.571534287,0.288162828,0.31503901,0.592031425,0.802013423,0.761360389,0.756470916,3576
南,臺南市東區,東區,0.3809,0.6356,40.7499,69.7,0.695347277,0.662293471,0.630214358,0.482393196,0.346695329,0.367873202,0.575823067,0.765373736,0.740785743,0.758683045,77421
南,臺南市東山區,東山區,0.134,0.7108,48.8694,52.8,0.776458665,0.707291667,0.623239959,0.559490707,0.301791092,0.331956142,0.579082947,0.776012044,0.740257511,0.740629685,5978
南,臺南市官田區,官田區,0.2064,0.6774,44,56.3,0.74393531,0.679770115,0.610027536,0.597953054,0.366039533,0.364413826,0.573095061,0.759985115,0.720491388,0.739836391,8062
南,臺南市關廟區,關廟區,0.1883,0.6718,43.5736,53.9,0.75539707,0.686044991,0.620721013,0.535123967,0.309798658,0.333738028,0.584342499,0.778295888,0.740344114,0.750884893,14154
南,臺南市歸仁區,歸仁區,0.2454,0.6536,39.4093,59,0.727897312,0.674650088,0.623602526,0.530126582,0.345119591,0.347820031,0.571104193,0.769967935,0.738799941,0.759983894,27444
南,臺南市後壁區,後壁區,0.1708,0.7056,49,56,0.767703863,0.702045329,0.626770616,0.585543422,0.31518856,0.34,0.571004453,0.781108528,0.743637725,0.765299915,8173
南,臺南市佳里區,佳里區,0.253,0.6612,41,57.5,0.746437193,0.693382003,0.629670722,0.547913747,0.321528086,0.343465291,0.597460345,0.793048775,0.756363945,0.768506848,23967
南,臺南市將軍區,將軍區,0.1424,0.6947,47.9475,50.6,0.737980472,0.726290667,0.661210704,0.601189739,0.295632246,0.290412099,0.587956096,0.785343511,0.752189276,0.765007541,6550
南,臺南市柳營區,柳營區,0.1989,0.6798,45.8282,57.5,0.766329966,0.69835654,0.625769669,0.556473214,0.308849662,0.336694021,0.595247077,0.79053721,0.756756757,0.760821172,8116
南,臺南市六甲區,六甲區,0.212,0.6731,43.5436,57,0.708578542,0.668951098,0.579651163,0.571460079,0.33577159,0.379195825,0.560195958,0.764376218,0.726270136,0.738976857,8208
南,臺南市龍崎區,龍崎區,0.1135,0.7555,53,51.8,0.793588301,0.724418605,0.633810888,0.51283514,0.290438966,0.293583535,0.585983128,0.784454605,0.750990753,0.773879142,1531
南,臺南市麻豆區,麻豆區,0.2416,0.6761,43,58.1,0.72929139,0.662582781,0.604417,0.613970004,0.342808607,0.376599738,0.564773682,0.763179916,0.732772193,0.743451418,16730
南,臺南市南化區,南化區,0.1391,0.719,48,52.1,0.786319955,0.704861111,0.60419092,0.482719223,0.287230905,0.311373708,0.579206398,0.788091603,0.757959815,0.75245098,3275
南,臺南市南區,南區,0.2595,0.6315,42.3619,55.4,0.72673606,0.680720674,0.637172852,0.540161933,0.331576653,0.342296622,0.564050213,0.759925409,0.730329332,0.744536503,49872
南,臺南市楠西區,楠西區,0.1309,0.7071,49,50.6,0.79443544,0.726500411,0.626178591,0.448491438,0.253914034,0.281152868,0.596643692,0.791803769,0.772796584,0.775633293,3343
南,臺南市七股區,七股區,0.1393,0.6932,46.5186,50.7,0.783040242,0.724634495,0.660464098,0.590203368,0.306199271,0.321108491,0.593708871,0.791780466,0.754453603,0.752747253,7689
南,臺南市仁德區,仁德區,0.2563,0.6616,40.6964,59.3,0.742460223,0.693505713,0.63867967,0.497161395,0.320582095,0.334136323,0.576778541,0.779628855,0.754658385,0.773062434,31093
南,臺南市山上區,山上區,0.176,0.6866,46.0543,53.1,0.767625899,0.684362586,0.614285714,0.57577955,0.325439267,0.351382052,0.58916296,0.783373301,0.741764945,0.75463336,2502
南,臺南市善化區,善化區,0.2966,0.683,39,70,0.713864454,0.670759824,0.621439773,0.545459173,0.351334478,0.369779446,0.566661169,0.765406693,0.732068664,0.75109762,18466
南,臺南市西港區,西港區,0.1999,0.6625,42.6062,52.9,0.755172765,0.678582403,0.611498258,0.568132303,0.323403366,0.339732888,0.580185478,0.78738658,0.75990043,0.75893261,8927
南,臺南市下營區,下營區,0.1914,0.6947,46,56.3,0.757834461,0.705045141,0.62787449,0.591171617,0.328064552,0.346408159,0.589698256,0.786590352,0.752319772,0.760505194,8561
南,臺南市新化區,新化區,0.2291,0.658,42,55.5,0.746942132,0.693920988,0.626330768,0.518838594,0.32017966,0.351207444,0.567793263,0.782608696,0.752995968,0.758226998,17848
南,臺南市新市區,新市區,0.2667,0.6636,38.7462,59.8,0.733972741,0.684716599,0.615653611,0.551070997,0.32445284,0.349983719,0.576252498,0.76288242,0.736723549,0.764566556,14807
南,臺南市新營區,新營區,0.3002,0.6503,41,63.6,0.723682965,0.675034509,0.611798166,0.492318809,0.326212452,0.35130756,0.601687132,0.788923826,0.763160585,0.77331803,29577
南,臺南市學甲區,學甲區,0.2011,0.6665,44.2163,54.6,0.764913958,0.692769335,0.614270542,0.584325302,0.307954659,0.334395856,0.579251629,0.776306184,0.736416185,0.762053525,9589
南,臺南市鹽水區,鹽水區,0.1898,0.6777,45,55.3,0.755145631,0.684361692,0.613730519,0.574504249,0.321432225,0.357412124,0.573804348,0.772873711,0.733572672,0.746067416,9312
南,臺南市永康區,永康區,0.2883,0.6457,38.8631,61.9,0.716176441,0.671447949,0.617878867,0.491125642,0.340628368,0.352154915,0.583463389,0.783628053,0.753597571,0.770603952,93196
南,臺南市玉井區,玉井區,0.1631,0.6927,48.1481,53.6,0.78593482,0.743696748,0.634720992,0.469512195,0.278318903,0.300378856,0.603448276,0.80353118,0.770448046,0.775803403,5324
南,臺南市中西區,中西區,0.3413,0.645,43,61.6,0.707014312,0.659020619,0.623045362,0.544299832,0.3508726,0.362537413,0.546216688,0.751325155,0.713628134,0.73442208,33015
南,臺南市左鎮區,左鎮區,0.0998,0.7383,53.5595,50.6,0.829481253,0.743883394,0.66529563,0.561731694,0.254700855,0.286941581,0.572033898,0.790739627,0.747394237,0.737597131,1663
中,臺中市北區,北區,0.3323,0.635,41,59.8,0.708950852,0.669135549,0.613745055,0.429839286,0.335138504,0.345561273,0.604669636,0.811678898,0.777032111,0.790481833,66222
中,臺中市北屯區,北屯區,0.3157,0.6443,38.5578,62.5,0.716498146,0.676816083,0.618846403,0.412178871,0.320219104,0.333736271,0.6138416,0.818077822,0.787630764,0.805673214,123256
中,臺中市大安區,大安區,0.1627,0.6714,41,51.2,0.775155687,0.694992245,0.597066341,0.449362259,0.277678171,0.298666368,0.590460331,0.811671678,0.778788577,0.783168204,8979
中,臺中市大肚區,大肚區,0.2202,0.6488,38.6546,54.8,0.761928297,0.69202857,0.603123565,0.43363166,0.296200976,0.30228444,0.605067307,0.815356066,0.782348985,0.794558251,25866
中,臺中市大甲區,大甲區,0.22,0.6505,38,54.2,0.746744512,0.695457306,0.618838486,0.439353798,0.296910789,0.315760152,0.593559032,0.805285036,0.769118895,0.794370272,33680
中,臺中市大里區,大里區,0.2508,0.6379,37,55.7,0.741986304,0.68700228,0.615464554,0.444297553,0.309469676,0.321549996,0.604909739,0.812305959,0.7737868,0.79080059,90509
中,臺中市大雅區,大雅區,0.2341,0.6443,36.9755,57.2,0.740509292,0.688921187,0.609974756,0.417040359,0.291748643,0.319597679,0.601786695,0.818170752,0.785609649,0.807355942,41077
中,臺中市東區,東區,0.2689,0.6419,40.2062,56.3,0.735643863,0.680198182,0.611277031,0.463755817,0.328167958,0.331316696,0.59136863,0.802367967,0.761345898,0.780249593,35389
中,臺中市東勢區,東勢區,0.1845,0.6725,43.4181,52.7,0.794790027,0.729366603,0.650905263,0.389386429,0.256021031,0.285191022,0.592290453,0.814732047,0.779138382,0.79450439,23269
中,臺中市豐原區,豐原區,0.2448,0.6471,39,55.9,0.739775675,0.684848099,0.610999398,0.451630882,0.306885727,0.326032468,0.600956146,0.798604977,0.767946688,0.789568275,76988
中,臺中市和平區,和平區,0.1197,0.7122,45,53,0.828796562,0.73786581,0.623688423,0.36408625,0.209654686,0.227434257,0.601969873,0.839076178,0.806903164,0.80056926,5369
中,臺中市后里區,后里區,0.1957,0.6648,39,55.2,0.74249758,0.684387264,0.581730769,0.434033882,0.292973548,0.310013829,0.606698895,0.819968875,0.783646585,0.786098915,24418
中,臺中市龍井區,龍井區,0.2439,0.6472,37,57,0.743599441,0.688179268,0.611457292,0.431426082,0.318605129,0.316251141,0.601225854,0.795615444,0.76518514,0.790579383,33618
中,臺中市南區,南區,0.3415,0.6424,39,64.8,0.708223416,0.667412135,0.62086338,0.450771713,0.340829792,0.347458048,0.591760171,0.808054228,0.771281111,0.784718143,60043
中,臺中市南屯區,南屯區,0.3553,0.6422,37.9264,73,0.698729995,0.662986915,0.619785034,0.422003035,0.335028494,0.346935393,0.600699077,0.812986745,0.778752923,0.787524468,77556
中,臺中市清水區,清水區,0.2217,0.6522,39,54.4,0.752963084,0.686282951,0.605418169,0.446749551,0.306997397,0.321569229,0.612689093,0.819366,0.771660932,0.791596812,39306
中,臺中市沙鹿區,沙鹿區,0.2576,0.6631,37,60.9,0.741344799,0.682115256,0.60799023,0.431878764,0.304597126,0.317433759,0.601155462,0.81277894,0.769396607,0.80174979,39659
中,臺中市神岡區,神岡區,0.2058,0.6534,38.3799,52,0.7596794,0.689048451,0.600864226,0.461696923,0.29225779,0.301241826,0.582321094,0.807514085,0.76735345,0.782765356,29997
中,臺中市石岡區,石岡區,0.1848,0.6597,42.4398,52.1,0.775268367,0.692935547,0.604099396,0.426120642,0.265486726,0.298176163,0.606011493,0.806156874,0.775094012,0.776072748,7114
中,臺中市太平區,太平區,0.2327,0.64,37.9974,54.1,0.74481856,0.687830752,0.612008256,0.42673104,0.303205753,0.317333562,0.610043445,0.817998665,0.78100763,0.796815732,80906
中,臺中市潭子區,潭子區,0.2339,0.6441,38,57.2,0.748217523,0.688627704,0.619907576,0.434472218,0.316305522,0.310986547,0.608809615,0.817169881,0.781204667,0.796811419,48422
中,臺中市外埔區,外埔區,0.1834,0.6705,39,54.3,0.774329856,0.703528943,0.611370613,0.415543009,0.26662632,0.276061646,0.606652103,0.81959007,0.784627146,0.811472067,14783
中,臺中市烏日區,烏日區,0.2447,0.6518,38,58.3,0.73805707,0.683515404,0.607387061,0.442994764,0.305835777,0.31765994,0.597358514,0.809502691,0.775078845,0.787781735,33822
中,臺中市梧棲區,梧棲區,0.2316,0.6472,37,57.1,0.740484972,0.667647867,0.579384214,0.452957615,0.301407334,0.31375114,0.603264933,0.807790244,0.761064824,0.788227253,25134
中,臺中市霧峰區,霧峰區,0.2237,0.6535,39.6471,53.2,0.759964598,0.699362854,0.611332801,0.439017442,0.287458735,0.304026846,0.605060356,0.815071585,0.778882482,0.788343558,31012
中,臺中市西區,西區,0.3776,0.6428,41,65.5,0.693080502,0.652873178,0.608069434,0.44433783,0.346857164,0.359637921,0.589484407,0.796464387,0.76323558,0.774400767,52551
中,臺中市西屯區,西屯區,0.3524,0.6416,38,69.6,0.702055691,0.666802912,0.613893013,0.40981827,0.334962051,0.348241907,0.609570625,0.818129735,0.783657658,0.796893227,101237
中,臺中市新社區,新社區,0.1573,0.6806,42.9147,53.3,0.785553892,0.726821502,0.63017145,0.442635017,0.262219287,0.284163413,0.600691971,0.813616182,0.785743422,0.797128713,10135
中,臺中市中區,中區,0.2654,0.6517,42,54.3,0.746435845,0.697089609,0.615110205,0.488302638,0.31503856,0.320696325,0.570826536,0.799165906,0.763281145,0.760572629,7673
北,桃園市八德區,八德區,0.2407,0.66,37.9495,60.8,0.729643726,0.674220857,0.599561038,0.421877343,0.319861095,0.332665788,0.601600356,0.79784526,0.778067716,0.796414836,77782
北,桃園市大溪區,大溪區,0.2102,0.6605,39,57.4,0.749444557,0.684126095,0.601962337,0.452546443,0.30719751,0.32015061,0.592451402,0.793066146,0.764638347,0.773151224,37901
北,桃園市大園區,大園區,0.2127,0.6618,37.3794,60.9,0.73757816,0.672155018,0.581636659,0.466832946,0.319482734,0.326151391,0.588186381,0.78986167,0.755912961,0.779653015,34049
北,桃園市復興區,復興區,0.098,0.6911,38.5192,57,0.857703081,0.774018692,0.660522851,0.368345911,0.192361249,0.195820896,0.574074074,0.81605935,0.786219081,0.777532554,4583
北,桃園市觀音區,觀音區,0.19,0.6597,37.9009,59.1,0.745117732,0.675645342,0.577172601,0.46391484,0.308126669,0.324153758,0.593113868,0.793885449,0.764553484,0.777621668,25840
北,桃園市龜山區,龜山區,0.2552,0.6579,38,64.4,0.707438778,0.654416464,0.586765981,0.453725002,0.340690482,0.362403414,0.586540561,0.789654888,0.7584586,0.775103666,60705
北,桃園市龍潭區,龍潭區,0.2638,0.6627,38.8536,63.1,0.759405735,0.703602215,0.646403686,0.364107963,0.287086693,0.3001083,0.630494971,0.822153618,0.794421161,0.805407105,51179
北,桃園市蘆竹區,蘆竹區,0.2724,0.6694,37,72.1,0.716393008,0.670134754,0.602602131,0.442973797,0.331062823,0.347203187,0.590728039,0.787840602,0.759645773,0.782476402,61105
北,桃園市平鎮區,平鎮區,0.2698,0.6561,37.1218,64.2,0.738376325,0.691251471,0.613263968,0.390022507,0.310871124,0.319829675,0.615853321,0.811727524,0.79104921,0.802815671,92074
北,桃園市桃園區,桃園區,0.3044,0.6527,38.1509,69.3,0.69626928,0.648766772,0.59214651,0.432742076,0.345210982,0.361432491,0.602619364,0.789486548,0.768077129,0.788943374,171837
北,桃園市新屋區,新屋區,0.1885,0.6792,41.23,57.8,0.767734657,0.692454372,0.581966839,0.443214673,0.28003497,0.296529385,0.590729172,0.79263485,0.757875406,0.779079576,21561
北,桃園市楊梅區,楊梅區,0.2561,0.665,37.3284,63.2,0.756477519,0.698791808,0.623917275,0.371468655,0.289311362,0.31448779,0.622662198,0.817220704,0.790802744,0.807231118,66211
北,桃園市中壢區,中壢區,0.2925,0.6595,38,66.8,0.724656539,0.678411751,0.614462372,0.386179842,0.316003013,0.329344898,0.615143827,0.810129251,0.789725042,0.808370444,166034
北,新北市八里區,八里區,0.2018,0.6459,40.9849,56.3,0.720220941,0.668772183,0.579055318,0.455102041,0.341789864,0.346718664,0.585784623,0.784076158,0.752480844,0.774419759,16177
北,新北市板橋區,板橋區,0.281,0.6403,40.3079,62.8,0.695120366,0.654944716,0.608909516,0.474448637,0.357967023,0.365273866,0.579894121,0.769651808,0.74977222,0.767794593,238604
北,新北市淡水區,淡水區,0.3185,0.6499,42.1609,64.8,0.693218715,0.656408212,0.598653298,0.421044251,0.363150238,0.358956334,0.593258802,0.786751198,0.770217141,0.783224101,72399
北,新北市貢寮區,貢寮區,0.1225,0.7178,48,50.3,0.754753258,0.672067401,0.577375763,0.546552077,0.305629433,0.317438997,0.496089622,0.754790146,0.730982019,0.74438007,4384
北,新北市金山區,金山區,0.1572,0.6683,42.3189,49.5,0.748725338,0.676375405,0.588672447,0.478406055,0.308676436,0.3743848,0.566736063,0.786525881,0.758384589,0.762609903,8713
北,新北市林口區,林口區,0.3398,0.6642,38.2985,75.8,0.683088899,0.644814153,0.593414196,0.423119777,0.355736459,0.367649621,0.598874205,0.792549916,0.768456227,0.794380194,45476
北,新北市蘆洲區,蘆洲區,0.2282,0.6213,38.7461,58.2,0.692305015,0.637186833,0.581780223,0.500093484,0.359458534,0.372376495,0.575893519,0.766454533,0.745465026,0.764981057,82181
北,新北市平溪區,平溪區,0.0875,0.7372,53.1061,52.3,0.804270463,0.708032956,0.634044768,0.517676768,0.279529663,0.296637744,0.592889908,0.776086957,0.748876404,0.755011136,1840
北,新北市坪林區,坪林區,0.1374,0.7103,50,54.8,0.77254902,0.693884892,0.611487692,0.533103448,0.303074671,0.329299597,0.598440546,0.795019157,0.76,0.758741259,2610
北,新北市瑞芳區,瑞芳區,0.1462,0.6575,45,52.6,0.744013366,0.669251287,0.595969229,0.458854712,0.314498662,0.33343949,0.592985264,0.788416839,0.76755495,0.772615025,15488
北,新北市三峽區,三峽區,0.2323,0.6446,39,59.5,0.720624126,0.662329822,0.602796849,0.451959228,0.334029272,0.346776079,0.587347598,0.779680614,0.769413212,0.777321927,45838
北,新北市三芝區,三芝區,0.1784,0.6538,44.8386,49.7,0.730002145,0.651001624,0.587067932,0.460640463,0.337729421,0.353097639,0.579847259,0.784113825,0.759490819,0.759986343,8926
北,新北市三重區,三重區,0.2387,0.6232,41,57.5,0.692069013,0.642715003,0.585854059,0.505757639,0.363124031,0.375506592,0.571181331,0.764713958,0.740156002,0.757280916,167528
北,新北市深坑區,深坑區,0.2468,0.6301,43.1437,60.4,0.698023426,0.650892449,0.588035288,0.452226979,0.35088208,0.358995816,0.592922928,0.788243217,0.767870869,0.775638582,10394
北,新北市石碇區,石碇區,0.1386,0.682,48,51.8,0.753313253,0.667477204,0.582360172,0.508651551,0.320189274,0.344458438,0.558325025,0.766330842,0.729173473,0.74127907,3077
北,新北市石門區,石門區,0.1495,0.6697,42,51,0.742940604,0.666077739,0.585496334,0.453966416,0.314098629,0.321588595,0.580631667,0.792963189,0.759556104,0.769057838,4917
北,新北市樹林區,樹林區,0.237,0.6398,38.8538,58.5,0.705436251,0.651195064,0.588868784,0.472048229,0.346579142,0.355251878,0.578306112,0.779050505,0.754135055,0.766711264,77873
北,新北市雙溪區,雙溪區,0.131,0.7033,51,53.1,0.779558011,0.699216564,0.589772096,0.474140265,0.299686342,0.295525791,0.603679907,0.787974684,0.761500146,0.7786481,3476
北,新北市泰山區,泰山區,0.2424,0.646,38.9774,62.5,0.716221335,0.663941367,0.600041133,0.454309843,0.339763884,0.350054914,0.587765301,0.789274123,0.766963463,0.784421835,32967
北,新北市土城區,土城區,0.2387,0.6284,39.3478,57.7,0.696763876,0.646874497,0.595432688,0.4632088,0.35289667,0.363162157,0.593440712,0.780930895,0.761780001,0.772877749,101064
北,新北市萬里區,萬里區,0.1444,0.6933,45,50.7,0.759863346,0.699877954,0.605618103,0.463790447,0.28006347,0.300541412,0.579997652,0.791695422,0.763402181,0.773828756,8694
北,新北市烏來區,烏來區,0.1654,0.6714,39,61.6,0.759139785,0.712606838,0.635256181,0.424342105,0.294759825,0.302435478,0.616493195,0.815106216,0.78526149,0.790035587,2542
北,新北市五股區,五股區,0.2031,0.6368,39,56.1,0.714932127,0.658885542,0.602305085,0.490447237,0.343120118,0.354236635,0.574844792,0.77670922,0.751862891,0.770252286,35250
北,新北市汐止區,汐止區,0.2803,0.6435,43,63.6,0.686592116,0.643818102,0.593228639,0.425558285,0.362956173,0.370491502,0.599286831,0.788989861,0.771406359,0.781947321,85612
北,新北市新店區,新店區,0.3402,0.6502,45,66.6,0.701598432,0.668776883,0.618340332,0.368448365,0.331032314,0.339713726,0.624166583,0.812702199,0.798131136,0.802146397,140023
北,新北市新莊區,新莊區,0.2548,0.6315,38.6751,59.6,0.697423262,0.651142285,0.591125325,0.477181941,0.358285736,0.365912771,0.584155689,0.772666332,0.75088648,0.773488763,181249
北,新北市鶯歌區,鶯歌區,0.2062,0.633,39,55.5,0.716699828,0.6533053,0.5870122,0.476658209,0.339135737,0.354633572,0.583621043,0.774187114,0.754475777,0.776733356,35091
北,新北市永和區,永和區,0.3642,0.6435,43.8242,69.6,0.693037353,0.658533397,0.613424015,0.380904776,0.341346924,0.354650395,0.613320565,0.803033519,0.785084858,0.798639875,103642
北,新北市中和區,中和區,0.2915,0.6425,42.3411,63.3,0.702520081,0.669315502,0.617729915,0.409360615,0.339105584,0.348320095,0.608471754,0.796574156,0.782879847,0.793085689,183546
北,新竹市北區,北區,0.3194,0.6629,39,67.8,0.710585921,0.671247848,0.609555214,0.425185651,0.333742387,0.348271933,0.591510101,0.790252988,0.765184032,0.788149211,64430
北,新竹市東區,東區,0.4233,0.6719,37.3224,88.6,0.679701905,0.648369457,0.606392745,0.407825866,0.363946033,0.364558174,0.603203093,0.78399546,0.763985553,0.78816587,88100
北,新竹市香山區,香山區,0.2756,0.666,38.2216,64.4,0.729859027,0.675558719,0.612055906,0.435106262,0.322326498,0.3339693,0.602429929,0.799002886,0.777410501,0.790832966,34299
北,新竹縣寶山鄉,寶山鄉,0.2935,0.6792,42.9677,67.4,0.736116796,0.682592439,0.596280088,0.383209673,0.313209637,0.362272538,0.605680034,0.802920723,0.780432631,0.785684328,7190
北,新竹縣北埔鄉,北埔鄉,0.167,0.6812,45,55.9,0.770838014,0.705405405,0.612684032,0.367945824,0.27969959,0.352365787,0.595638777,0.818855687,0.780476303,0.799812251,4317
北,新竹縣峨眉鄉,峨眉鄉,0.151,0.7197,50,55.7,0.796644985,0.731775375,0.643931445,0.385793872,0.245808063,0.2668105,0.588959344,0.797008547,0.777130371,0.785198556,2808
北,新竹縣關西鎮,關西鎮,0.1874,0.6793,45,57.9,0.785070214,0.716691505,0.625543071,0.35695027,0.272857358,0.284578696,0.584450192,0.813824535,0.788056026,0.788338597,13165
北,新竹縣橫山鄉,橫山鄉,0.1671,0.6848,46,67.4,0.794089909,0.728875476,0.59223301,0.346135534,0.260590501,0.278764602,0.596499917,0.813111075,0.784748248,0.790875142,6239
北,新竹縣湖口鄉,湖口鄉,0.2379,0.6587,38,61.1,0.760846316,0.703850065,0.617003269,0.355834137,0.287180241,0.305075815,0.600573671,0.815397842,0.788891222,0.801425235,33732
北,新竹縣尖石鄉,尖石鄉,0.0847,0.6644,34,53.5,0.861057226,0.773648649,0.690256907,0.395216741,0.190756303,0.200791855,0.570228495,0.80670544,0.776221387,0.756239316,2923
北,新竹縣芎林鄉,芎林鄉,0.2466,0.6673,42.4538,61.5,0.754106724,0.69793698,0.631882862,0.351163994,0.287570152,0.298733912,0.580638183,0.801070754,0.778109029,0.785895807,9526
北,新竹縣五峰鄉,五峰鄉,0.0644,0.7113,40,50.9,0.837978271,0.748582231,0.64221486,0.344191097,0.206190976,0.206510139,0.611506141,0.789574062,0.778132992,0.753875969,1573
北,新竹縣新埔鎮,新埔鎮,0.2314,0.6739,43.4244,59.9,0.770213309,0.703801888,0.616151866,0.360938002,0.280132193,0.29887218,0.618048618,0.809601997,0.785262176,0.797695517,15226
北,新竹縣新豐鄉,新豐鄉,0.2563,0.6615,37.3995,64.1,0.759087067,0.701258753,0.626453134,0.373617437,0.290108811,0.29907768,0.593079614,0.808718013,0.780289977,0.795612538,24111
北,新竹縣竹北市,竹北市,0.433,0.7024,36,102.1,0.690795135,0.66010296,0.613743953,0.395610118,0.351587744,0.362565054,0.598295031,0.802496879,0.782520298,0.802773233,76095
北,新竹縣竹東鎮,竹東鎮,0.2786,0.6617,39,66.1,0.750995775,0.701034433,0.626386755,0.342935663,0.299603809,0.309007281,0.607202936,0.813158616,0.788657454,0.802123068,40141
北,宜蘭縣大同鄉,大同鄉,0.0697,0.6981,36.6667,53.4,0.871370499,0.810763381,0.746120059,0.357944732,0.206154987,0.198123827,0.602267127,0.787733589,0.770467836,0.761530913,2087
北,宜蘭縣冬山鄉,冬山鄉,0.2062,0.6701,42,55.9,0.731592357,0.664079679,0.570520856,0.527796581,0.329731841,0.350697151,0.600226603,0.784168213,0.783816643,0.772869116,22638
北,宜蘭縣礁溪鄉,礁溪鄉,0.195,0.6653,43,55.8,0.738063951,0.654366002,0.57267973,0.523436529,0.326272808,0.344539436,0.594718714,0.775801177,0.766963219,0.761135457,15290
北,宜蘭縣羅東鎮,羅東鎮,0.2527,0.6544,39,59.5,0.716441371,0.659322622,0.591891721,0.499889684,0.345472031,0.363624675,0.585990468,0.781794581,0.772392131,0.768228066,30815
北,宜蘭縣南澳鄉,南澳鄉,0.0811,0.6917,34.6591,55.4,0.855077701,0.799636364,0.683699172,0.258859784,0.184300341,0.204874334,0.637724551,0.823891626,0.824823578,0.802816901,2436
北,宜蘭縣三星鄉,三星鄉,0.1677,0.6852,46.3631,54.1,0.727977375,0.683317526,0.587143312,0.539737533,0.317833698,0.339134218,0.581961591,0.775668776,0.760375438,0.753194351,9009
北,宜蘭縣蘇澳鎮,蘇澳鎮,0.1608,0.6793,44,55.4,0.739947409,0.67580573,0.562812674,0.524361696,0.325916746,0.345079937,0.601256357,0.78407727,0.764306836,0.758017662,17497
北,宜蘭縣頭城鎮,頭城鎮,0.1633,0.6756,43,53.2,0.743085148,0.670977795,0.584803998,0.487393658,0.325709345,0.341802115,0.581160147,0.787275064,0.768852862,0.757654092,12448
北,宜蘭縣五結鄉,五結鄉,0.2051,0.6638,42.8032,55.9,0.730406123,0.664651892,0.579818594,0.513321097,0.332360014,0.353256836,0.590411453,0.783884274,0.777869481,0.770178717,17213
北,宜蘭縣宜蘭市,宜蘭市,0.2661,0.6401,40,61,0.71168771,0.658870256,0.597463347,0.476069885,0.336261245,0.353694488,0.595422886,0.787334685,0.786189196,0.778399729,41436
北,宜蘭縣員山鄉,員山鄉,0.1739,0.6639,43,54.5,0.74011976,0.660832578,0.584129885,0.521931674,0.335710684,0.336224969,0.572858133,0.781568454,0.769676885,0.760654518,13542
北,宜蘭縣壯圍鄉,壯圍鄉,0.1678,0.6666,43.3551,55.2,0.739067674,0.673004454,0.598130841,0.549514232,0.351128818,0.350182433,0.590900474,0.780089424,0.758752328,0.753394696,10959
中,雲林縣褒忠鄉,褒忠鄉,0.1472,0.6924,45,56,0.749589641,0.671598174,0.579757976,0.497273527,0.309693971,0.329589394,0.596720671,0.783102386,0.749320916,0.747765255,5196
中,雲林縣北港鎮,北港鎮,0.1969,0.6675,43,58.8,0.763718381,0.69037874,0.604363888,0.508527572,0.315055598,0.324807578,0.603291821,0.783460482,0.75029461,0.764669663,16385
中,雲林縣莿桐鄉,莿桐鄉,0.1683,0.6827,42,54.6,0.759616907,0.686626429,0.592746445,0.514995716,0.30897873,0.327958303,0.594594595,0.77333555,0.743594109,0.742247077,12031
中,雲林縣大埤鄉,大埤鄉,0.1521,0.6912,44,53.3,0.786278381,0.685977126,0.584856397,0.507440839,0.298319867,0.323394495,0.59081168,0.783872235,0.756921447,0.732883955,7639
中,雲林縣東勢鄉,東勢鄉,0.1243,0.7213,47.1489,58.5,0.777994792,0.693646363,0.594536778,0.509996775,0.300983825,0.295420232,0.596412556,0.793639699,0.747013728,0.763092269,5723
中,雲林縣斗六市,斗六市,0.2586,0.6532,39.3626,60.2,0.743873534,0.684399451,0.605343404,0.428602926,0.300665703,0.316046009,0.610771864,0.805929304,0.773246704,0.794530611,48235
中,雲林縣斗南鎮,斗南鎮,0.2178,0.6633,42,56.6,0.761261908,0.697244591,0.608031051,0.463293699,0.307847777,0.324349626,0.582617198,0.795129805,0.761263567,0.779842892,19876
中,雲林縣二崙鄉,二崙鄉,0.1346,0.7055,45.5301,56.2,0.76653249,0.681564792,0.587920117,0.551657636,0.300907912,0.327074803,0.590033855,0.764456836,0.737461886,0.738852837,9684
中,雲林縣古坑鄉,古坑鄉,0.1675,0.6925,45,55.6,0.772899927,0.695236706,0.607894737,0.467330879,0.283689522,0.310190703,0.608993004,0.789187949,0.766113319,0.770622797,13078
中,雲林縣虎尾鎮,虎尾鎮,0.2255,0.6667,40,63.5,0.748543299,0.676789515,0.591481744,0.445571803,0.301818922,0.326939457,0.599144538,0.792685932,0.763993035,0.782695106,28411
中,雲林縣口湖鄉,口湖鄉,0.1193,0.7061,45,50.6,0.79943316,0.700360326,0.608526396,0.542896552,0.282349492,0.293568974,0.60987861,0.786184211,0.752379956,0.747941207,9728
中,雲林縣林內鄉,林內鄉,0.1677,0.6691,42,52.5,0.774295818,0.694512494,0.601156781,0.459919227,0.307335423,0.320378549,0.593957063,0.794822504,0.76426799,0.765777489,7803
中,雲林縣崙背鄉,崙背鄉,0.1368,0.7004,44.7279,56.4,0.772703684,0.696422952,0.601210982,0.505878745,0.308182784,0.312432198,0.588846241,0.766803233,0.740802863,0.76529926,9031
中,雲林縣麥寮鄉,麥寮鄉,0.165,0.6721,37,62.8,0.763418903,0.691471867,0.596414133,0.439550141,0.290775083,0.295773802,0.598825461,0.767905656,0.740093897,0.782188043,16196
中,雲林縣水林鄉,水林鄉,0.118,0.7134,48.2857,53.8,0.793080579,0.699855379,0.592180617,0.570245334,0.317075944,0.308265505,0.599047968,0.786250447,0.74087547,0.750900793,8393
中,雲林縣四湖鄉,四湖鄉,0.1135,0.7222,47.804,55.2,0.773136247,0.706188248,0.590801887,0.517137097,0.273237179,0.294504904,0.591164196,0.781531532,0.749606074,0.761986793,7104
中,雲林縣臺西鄉,臺西鄉,0.1291,0.719,45.5586,58.1,0.783361065,0.715570857,0.613203318,0.462604487,0.261707677,0.288094966,0.617464377,0.794457,0.759874,0.778194579,8407
中,雲林縣土庫鎮,土庫鎮,0.1628,0.6915,42.2415,57.3,0.760209598,0.689526495,0.595127708,0.494002812,0.299889277,0.326419121,0.594579946,0.783902783,0.747263592,0.760702131,11356
中,雲林縣西螺鎮,西螺鎮,0.1791,0.6737,41,58,0.73391828,0.682814971,0.591149516,0.505090095,0.307853235,0.331028522,0.597494305,0.790394701,0.750154503,0.774948344,18115
中,雲林縣元長鄉,元長鄉,0.1205,0.7232,48,53.9,0.781327577,0.697199913,0.601493183,0.523312236,0.286602977,0.305486845,0.587192475,0.773469628,0.737810707,0.738990716,8511
中,彰化縣北斗鎮,北斗鎮,0.2102,0.6602,39.5115,55.7,0.774850377,0.716130733,0.622165253,0.451474878,0.295014856,0.321558993,0.597215488,0.806484364,0.771916535,0.78329479,14774
中,彰化縣埔心鄉,埔心鄉,0.1937,0.6621,40,52.1,0.765150205,0.689615139,0.599755842,0.457242178,0.290260423,0.308726401,0.602297593,0.787746302,0.754512417,0.772465961,16697
中,彰化縣埔鹽鄉,埔鹽鄉,0.1858,0.6764,41,51.9,0.7908869,0.722197551,0.62124072,0.406750789,0.251048418,0.271238095,0.61359262,0.815648929,0.772691706,0.793677638,15541
中,彰化縣大城鄉,大城鄉,0.0886,0.7354,46.35,52.9,0.804291045,0.712863706,0.615267755,0.450696379,0.241156333,0.264053537,0.610461538,0.809628446,0.77374924,0.766847717,5006
中,彰化縣大村鄉,大村鄉,0.1978,0.6603,39.5842,53.5,0.762454469,0.691111746,0.609661616,0.444249986,0.276055371,0.314465409,0.600715137,0.80806142,0.775517424,0.781233433,17193
中,彰化縣二林鎮,二林鎮,0.1596,0.6811,42,55.6,0.774554091,0.710675752,0.619478571,0.429629975,0.267860527,0.305392927,0.592016744,0.810420036,0.767349927,0.774812918,20403
中,彰化縣二水鄉,二水鄉,0.168,0.6888,46.3382,54.9,0.777416417,0.720042278,0.656175928,0.486286234,0.296923284,0.288975426,0.578624429,0.779561043,0.750140056,0.753470294,7290
中,彰化縣芳苑鄉,芳苑鄉,0.1132,0.7077,44.3386,50.7,0.789125367,0.713182942,0.610142631,0.492860804,0.251140858,0.283684658,0.601626678,0.808749701,0.77207908,0.771875496,12549
中,彰化縣芬園鄉,芬園鄉,0.1653,0.6785,42.2467,50.5,0.772571851,0.708019578,0.611392168,0.443916084,0.308496609,0.290359493,0.604598605,0.808564232,0.770874555,0.772828941,10322
中,彰化縣福興鄉,福興鄉,0.1875,0.6571,39,50.4,0.773422283,0.708429476,0.631653551,0.494274809,0.281907224,0.317084101,0.598163694,0.796361413,0.770969754,0.77141084,19623
中,彰化縣和美鎮,和美鎮,0.2224,0.6507,38.1472,52.6,0.747160337,0.685359089,0.60169678,0.438553277,0.305500982,0.318190752,0.592832878,0.810638617,0.769705243,0.782093449,40024
中,彰化縣花壇鄉,花壇鄉,0.2131,0.6492,39.3824,51.7,0.769072718,0.710651685,0.642074771,0.443428729,0.293105834,0.285688057,0.587012482,0.806824672,0.755829771,0.778486739,21012
中,彰化縣鹿港鎮,鹿港鎮,0.2051,0.6559,38,52,0.770741971,0.696350253,0.613338473,0.479687061,0.285933597,0.300031261,0.590228958,0.806980532,0.768744917,0.78682535,37447
中,彰化縣埤頭鄉,埤頭鄉,0.1723,0.69,40.9029,54.6,0.772634552,0.6775726,0.608972864,0.449724674,0.288220161,0.303941583,0.610230137,0.782577509,0.776084502,0.790382744,12547
中,彰化縣社頭鄉,社頭鄉,0.2001,0.6615,40,52.4,0.771388848,0.708733974,0.585254839,0.468367651,0.281226286,0.299033254,0.607623674,0.798924564,0.768739196,0.781219145,19341
中,彰化縣伸港鄉,伸港鄉,0.1853,0.6606,37.558,49.7,0.755857945,0.683033784,0.601745806,0.439343658,0.290330568,0.307969439,0.607848183,0.833855799,0.787899994,0.791679858,15950
中,彰化縣田尾鄉,田尾鄉,0.1812,0.6629,41,53.2,0.771170205,0.694302524,0.617799829,0.450022751,0.279163439,0.300606343,0.606372629,0.802822485,0.778104627,0.78136,12613
中,彰化縣田中鎮,田中鎮,0.2078,0.6602,41.6825,56.5,0.777218152,0.696741984,0.626320107,0.441520165,0.273092579,0.303737581,0.585361851,0.806236559,0.760998811,0.763067141,18600
中,彰化縣溪湖鎮,溪湖鎮,0.2129,0.6537,38,55.6,0.759929743,0.690886352,0.613914434,0.428685227,0.286071256,0.311311595,0.604541234,0.806446295,0.784948479,0.786461794,24262
中,彰化縣溪州鄉,溪州鄉,0.1499,0.6879,42.5978,53.9,0.780992067,0.701382114,0.597123465,0.501749364,0.312505159,0.313148071,0.577829983,0.792357668,0.766704318,0.765367965,11698
中,彰化縣線西鄉,線西鄉,0.1852,0.6608,39,49.4,0.770483588,0.69955499,0.603838332,0.435623665,0.324642127,0.295246568,0.611769352,0.823110766,0.774180865,0.779507982,7728
中,彰化縣秀水鄉,秀水鄉,0.2145,0.6556,38.0721,52.8,0.758437041,0.693835015,0.615553482,0.455216589,0.294663061,0.309218915,0.585974803,0.800156784,0.760605717,0.772476341,17859
中,彰化縣永靖鄉,永靖鄉,0.1963,0.6587,40,52.4,0.770560591,0.693196698,0.599320498,0.45470462,0.304029304,0.324173933,0.592308614,0.801505174,0.770228278,0.77336725,17008
中,彰化縣員林市,員林市,0.2647,0.6491,39,58.4,0.748497441,0.68630394,0.607361963,0.43110162,0.304498896,0.312788934,0.602204126,0.797002624,0.769112979,0.781230809,54114
中,彰化縣彰化市,彰化市,0.2759,0.6499,39,58.2,0.740671242,0.688518979,0.622414448,0.450582393,0.318575133,0.320984843,0.585729177,0.797960283,0.763064663,0.775434626,107662
中,彰化縣竹塘鄉,竹塘鄉,0.131,0.71,44.3878,56.3,0.783409437,0.68049922,0.580191595,0.465415468,0.26600218,0.287552974,0.60382743,0.792820849,0.752039967,0.754214876,6101